{"sourceFile": [{
      "name": "",
      "directive": [
        {
          "functionName": "montgo",
          "label": "",
          "functionLabel": "",
          "pragma": {
            "name": "INTERFACE",
            "option": [
              {
                "name": "s_axilite",
                "value": "",
                "positionalBoolean": "mode"
              },
              {
                "name": "port",
                "value": "return",
                "positionalBoolean": "4"
              }
            ]
          }
        },
        {
          "functionName": "montgo",
          "label": "",
          "functionLabel": "",
          "pragma": {
            "name": "INTERFACE",
            "option": [
              {
                "name": "axis",
                "value": "",
                "positionalBoolean": "mode"
              },
              {
                "name": "register",
                "value": "",
                "positionalBoolean": "1"
              },
              {
                "name": "both",
                "value": "",
                "positionalBoolean": "register_mode"
              },
              {
                "name": "port",
                "value": "A",
                "positionalBoolean": "4"
              },
              {
                "name": "name",
                "value": "INPUT_ARR"
              }
            ]
          }
        },
        {
          "functionName": "montgo",
          "label": "",
          "functionLabel": "",
          "pragma": {
            "name": "INTERFACE",
            "option": [
              {
                "name": "axis",
                "value": "",
                "positionalBoolean": "mode"
              },
              {
                "name": "register",
                "value": "",
                "positionalBoolean": "1"
              },
              {
                "name": "both",
                "value": "",
                "positionalBoolean": "register_mode"
              },
              {
                "name": "port",
                "value": "C",
                "positionalBoolean": "4"
              },
              {
                "name": "name",
                "value": "OUTPUT_ARR"
              }
            ]
          }
        }
      ]
    }]}
