<profile>

<section name = "Vivado HLS Report for 'montgo'" level="0">
<item name = "Date">Fri Jul 31 15:56:24 2020
</item>
<item name = "Version">2018.3 (Build 2405991 on Thu Dec 06 23:56:15 MST 2018)</item>
<item name = "Project">montg_mul</item>
<item name = "Solution">solution2</item>
<item name = "Product family">zynq</item>
<item name = "Target device">xc7z020clg400-1</item>
</section>

<section name = "Performance Estimates" level="0">
<item name = "Timing (ns)">
<section name = "" level="1">
<item name = "Target clock period (ns)">4.00</item>
<item name = "Clock uncertainty (ns)">0.50</item>
<item name = "Estimated clock period (ns)">3.903</item>
</section>
</item>
<item name = "Latency (clock cycles)">
<section name = "" level="1">
<item name = "Summary"><table name="" hasTotal="0">
<keys size="6">, min, max, min, max, Type</keys>
<column name="">17731, 17731, 17731, 17731, none</column>
</table>
</item>
<item name = "Detail">
<section name = "" level="1">
<item name = "Instance"><table name="" hasTotal="0">
<keys size="7">Instance, Module, min, max, min, max, Type</keys>
</table>
</item>
<item name = "Loop"><table name="" hasTotal="0">
<keys size="8">Loop Name, min, max, Latency, achieved, target, Count, Pipelined</keys>
<column name="- Loop 1">640, 640, 5, -, -, 128, no</column>
<column name="- Loop 2">16384, 16384, 8, -, -, 2048, no</column>
<column name="- Loop 3">704, 704, 11, -, -, 64, no</column>
</table>
</item>
</section>
</item>
</section>
</item>
</section>

<section name = "Utilization Estimates" level="0">
<item name = "Summary"><table name="" hasTotal="1">
<keys size="5">Name, BRAM_18K, DSP48E, FF, LUT</keys>
<column name="DSP">-, -, -, -</column>
<column name="Expression">-, -, 0, 39850</column>
<column name="FIFO">-, -, -, -</column>
<column name="Instance">0, -, 6370, 5275</column>
<column name="Memory">-, -, -, -</column>
<column name="Multiplexer">-, -, -, 511</column>
<column name="Register">-, -, 36290, -</column>
<specialColumn name="Available">280, 220, 106400, 53200</specialColumn>
<specialColumn name="Utilization (%)">0, 0, 40, 85</specialColumn>
</table>
</item>
<item name = "Detail">
<section name = "" level="1">
<item name = "Instance"><table name="" hasTotal="1">
<keys size="6">Instance, Module, BRAM_18K, DSP48E, FF, LUT</keys>
<column name="montgo_AXILiteS_s_axi_U">montgo_AXILiteS_s_axi, 0, 0, 36, 40</column>
<column name="montgo_add_2049nsdEe_U5">montgo_add_2049nsdEe, 0, 0, 580, 132</column>
<column name="montgo_add_2049s_fYi_U7">montgo_add_2049s_fYi, 0, 0, 580, 132</column>
<column name="montgo_add_2050nseOg_U6">montgo_add_2050nseOg, 0, 0, 580, 132</column>
<column name="montgo_lshr_2048sbkb_U1">montgo_lshr_2048sbkb, 0, 0, 60, 37</column>
<column name="montgo_lshr_2048sbkb_U2">montgo_lshr_2048sbkb, 0, 0, 60, 37</column>
<column name="montgo_lshr_2050ng8j_U8">montgo_lshr_2050ng8j, 0, 0, 4262, 4630</column>
<column name="montgo_lshr_2050shbi_U9">montgo_lshr_2050shbi, 0, 0, 60, 37</column>
<column name="montgo_shl_2048nscud_U3">montgo_shl_2048nscud, 0, 0, 76, 49</column>
<column name="montgo_shl_2048nscud_U4">montgo_shl_2048nscud, 0, 0, 76, 49</column>
</table>
</item>
<item name = "DSP48"><table name="" hasTotal="0">
<keys size="3">Instance, Module, Expression</keys>
</table>
</item>
<item name = "Memory"><table name="" hasTotal="1">
<keys size="9">Memory, Module, BRAM_18K, FF, LUT, Words, Bits, Banks, W*Bits*Banks</keys>
</table>
</item>
<item name = "FIFO"><table name="" hasTotal="1">
<keys size="7">Name, BRAM_18K, FF, LUT, Depth, Bits, Size:D*B</keys>
</table>
</item>
<item name = "Expression"><table name="" hasTotal="1">
<keys size="7">Variable Name, Operation, DSP48E, FF, LUT, Bitwidth P0, Bitwidth P1</keys>
<column name="i_1_fu_641_p2">+, 0, 0, 15, 7, 1</column>
<column name="i_fu_543_p2">+, 0, 0, 12, 12, 1</column>
<column name="ii_1_fu_247_p2">+, 0, 0, 15, 8, 1</column>
<column name="tmp_54_fu_686_p2">-, 0, 0, 12, 12, 12</column>
<column name="tmp_55_fu_692_p2">-, 0, 0, 12, 12, 12</column>
<column name="tmp_56_fu_698_p2">-, 0, 0, 12, 12, 12</column>
<column name="tmp_60_fu_724_p2">-, 0, 0, 12, 12, 12</column>
<column name="INPUT_ARR_data_V_0_load_A">and, 0, 0, 2, 1, 1</column>
<column name="INPUT_ARR_data_V_0_load_B">and, 0, 0, 2, 1, 1</column>
<column name="INPUT_ARR_dest_V_0_load_A">and, 0, 0, 2, 1, 1</column>
<column name="INPUT_ARR_dest_V_0_load_B">and, 0, 0, 2, 1, 1</column>
<column name="INPUT_ARR_id_V_0_load_A">and, 0, 0, 2, 1, 1</column>
<column name="INPUT_ARR_id_V_0_load_B">and, 0, 0, 2, 1, 1</column>
<column name="INPUT_ARR_keep_V_0_load_A">and, 0, 0, 2, 1, 1</column>
<column name="INPUT_ARR_keep_V_0_load_B">and, 0, 0, 2, 1, 1</column>
<column name="INPUT_ARR_last_V_0_load_A">and, 0, 0, 2, 1, 1</column>
<column name="INPUT_ARR_last_V_0_load_B">and, 0, 0, 2, 1, 1</column>
<column name="INPUT_ARR_strb_V_0_load_A">and, 0, 0, 2, 1, 1</column>
<column name="INPUT_ARR_strb_V_0_load_B">and, 0, 0, 2, 1, 1</column>
<column name="INPUT_ARR_user_V_0_load_A">and, 0, 0, 2, 1, 1</column>
<column name="INPUT_ARR_user_V_0_load_B">and, 0, 0, 2, 1, 1</column>
<column name="OUTPUT_ARR_data_V_1_load_A">and, 0, 0, 2, 1, 1</column>
<column name="OUTPUT_ARR_data_V_1_load_B">and, 0, 0, 2, 1, 1</column>
<column name="OUTPUT_ARR_dest_V_1_load_A">and, 0, 0, 2, 1, 1</column>
<column name="OUTPUT_ARR_dest_V_1_load_B">and, 0, 0, 2, 1, 1</column>
<column name="OUTPUT_ARR_id_V_1_load_A">and, 0, 0, 2, 1, 1</column>
<column name="OUTPUT_ARR_id_V_1_load_B">and, 0, 0, 2, 1, 1</column>
<column name="OUTPUT_ARR_keep_V_1_load_A">and, 0, 0, 2, 1, 1</column>
<column name="OUTPUT_ARR_keep_V_1_load_B">and, 0, 0, 2, 1, 1</column>
<column name="OUTPUT_ARR_last_V_1_load_A">and, 0, 0, 2, 1, 1</column>
<column name="OUTPUT_ARR_last_V_1_load_B">and, 0, 0, 2, 1, 1</column>
<column name="OUTPUT_ARR_strb_V_1_load_A">and, 0, 0, 2, 1, 1</column>
<column name="OUTPUT_ARR_strb_V_1_load_B">and, 0, 0, 2, 1, 1</column>
<column name="OUTPUT_ARR_user_V_1_load_A">and, 0, 0, 2, 1, 1</column>
<column name="OUTPUT_ARR_user_V_1_load_B">and, 0, 0, 2, 1, 1</column>
<column name="p_2_fu_580_p2">and, 0, 0, 2048, 2048, 2048</column>
<column name="p_Result_7_fu_747_p2">and, 0, 0, 2050, 2050, 2050</column>
<column name="p_demorgan9_fu_450_p2">and, 0, 0, 2048, 2048, 2048</column>
<column name="p_demorgan_fu_430_p2">and, 0, 0, 2048, 2048, 2048</column>
<column name="tmp_22_fu_475_p2">and, 0, 0, 2048, 2048, 2048</column>
<column name="tmp_23_fu_481_p2">and, 0, 0, 2048, 2048, 2048</column>
<column name="tmp_43_fu_512_p2">and, 0, 0, 2048, 2048, 2048</column>
<column name="tmp_44_fu_518_p2">and, 0, 0, 2048, 2048, 2048</column>
<column name="tmp_6_fu_557_p2">and, 0, 0, 2, 1, 1</column>
<column name="INPUT_ARR_data_V_0_state_cmp_full">icmp, 0, 0, 8, 2, 1</column>
<column name="INPUT_ARR_dest_V_0_state_cmp_full">icmp, 0, 0, 8, 2, 1</column>
<column name="INPUT_ARR_id_V_0_state_cmp_full">icmp, 0, 0, 8, 2, 1</column>
<column name="INPUT_ARR_keep_V_0_state_cmp_full">icmp, 0, 0, 8, 2, 1</column>
<column name="INPUT_ARR_last_V_0_state_cmp_full">icmp, 0, 0, 8, 2, 1</column>
<column name="INPUT_ARR_strb_V_0_state_cmp_full">icmp, 0, 0, 8, 2, 1</column>
<column name="INPUT_ARR_user_V_0_state_cmp_full">icmp, 0, 0, 8, 2, 1</column>
<column name="OUTPUT_ARR_data_V_1_state_cmp_full">icmp, 0, 0, 8, 2, 1</column>
<column name="OUTPUT_ARR_dest_V_1_state_cmp_full">icmp, 0, 0, 8, 2, 1</column>
<column name="OUTPUT_ARR_id_V_1_state_cmp_full">icmp, 0, 0, 8, 2, 1</column>
<column name="OUTPUT_ARR_keep_V_1_state_cmp_full">icmp, 0, 0, 8, 2, 1</column>
<column name="OUTPUT_ARR_last_V_1_state_cmp_full">icmp, 0, 0, 8, 2, 1</column>
<column name="OUTPUT_ARR_strb_V_1_state_cmp_full">icmp, 0, 0, 8, 2, 1</column>
<column name="OUTPUT_ARR_user_V_1_state_cmp_full">icmp, 0, 0, 8, 2, 1</column>
<column name="exitcond1_fu_241_p2">icmp, 0, 0, 13, 8, 9</column>
<column name="exitcond2_fu_537_p2">icmp, 0, 0, 13, 12, 13</column>
<column name="exitcond_fu_635_p2">icmp, 0, 0, 11, 7, 8</column>
<column name="tmp_26_fu_299_p2">icmp, 0, 0, 13, 11, 11</column>
<column name="tmp_3_fu_271_p2">icmp, 0, 0, 13, 11, 11</column>
<column name="tmp_4_fu_625_p2">icmp, 0, 0, 179, 2049, 2048</column>
<column name="tmp_50_fu_665_p2">icmp, 0, 0, 13, 11, 11</column>
<column name="Hi_assign_2_fu_659_p2">or, 0, 0, 11, 5, 11</column>
<column name="Hi_assign_fu_265_p2">or, 0, 0, 11, 4, 11</column>
<column name="ap_block_state15">or, 0, 0, 2, 1, 1</column>
<column name="p_Result_5_fu_486_p2">or, 0, 0, 2048, 2048, 2048</column>
<column name="p_Result_6_fu_523_p2">or, 0, 0, 2048, 2048, 2048</column>
<column name="result_mont_V_fu_630_p3">select, 0, 0, 2049, 1, 2049</column>
<column name="tmp_10_fu_415_p3">select, 0, 0, 12, 1, 12</column>
<column name="tmp_11_fu_336_p3">select, 0, 0, 12, 1, 12</column>
<column name="tmp_18_fu_464_p3">select, 0, 0, 2048, 1, 2048</column>
<column name="tmp_30_fu_313_p3">select, 0, 0, 12, 1, 12</column>
<column name="tmp_31_fu_435_p3">select, 0, 0, 12, 1, 12</column>
<column name="tmp_32_fu_356_p3">select, 0, 0, 12, 1, 12</column>
<column name="tmp_39_fu_501_p3">select, 0, 0, 2048, 1, 2048</column>
<column name="tmp_48_fu_572_p3">select, 0, 0, 2, 1, 2</column>
<column name="tmp_57_fu_704_p3">select, 0, 0, 12, 1, 12</column>
<column name="tmp_58_fu_711_p3">select, 0, 0, 2050, 1, 2050</column>
<column name="tmp_59_fu_717_p3">select, 0, 0, 12, 1, 12</column>
<column name="tmp_9_fu_285_p3">select, 0, 0, 12, 1, 12</column>
<column name="tmp_cast_cast_fu_586_p3">select, 0, 0, 2048, 1, 2048</column>
<column name="tmp_19_fu_424_p2">shl, 0, 0, 2171, 2, 2048</column>
<column name="tmp_40_fu_444_p2">shl, 0, 0, 2171, 2, 2048</column>
<column name="tmp_12_fu_293_p2">xor, 0, 0, 12, 12, 11</column>
<column name="tmp_21_fu_470_p2">xor, 0, 0, 2048, 2048, 2</column>
<column name="tmp_29_fu_351_p2">xor, 0, 0, 12, 12, 11</column>
<column name="tmp_33_fu_321_p2">xor, 0, 0, 12, 12, 11</column>
<column name="tmp_42_fu_507_p2">xor, 0, 0, 2048, 2048, 2</column>
<column name="tmp_8_fu_331_p2">xor, 0, 0, 12, 12, 11</column>
<column name="u_V_fu_566_p2">xor, 0, 0, 2, 1, 1</column>
</table>
</item>
<item name = "Multiplexer"><table name="" hasTotal="1">
<keys size="5">Name, LUT, Input Size, Bits, Total Bits</keys>
<column name="Hi_assign_1_reg_219">9, 2, 12, 24</column>
<column name="INPUT_ARR_TDATA_blk_n">9, 2, 1, 2</column>
<column name="INPUT_ARR_data_V_0_data_out">9, 2, 32, 64</column>
<column name="INPUT_ARR_data_V_0_state">15, 3, 2, 6</column>
<column name="INPUT_ARR_dest_V_0_data_out">9, 2, 1, 2</column>
<column name="INPUT_ARR_dest_V_0_state">15, 3, 2, 6</column>
<column name="INPUT_ARR_id_V_0_data_out">9, 2, 1, 2</column>
<column name="INPUT_ARR_id_V_0_state">15, 3, 2, 6</column>
<column name="INPUT_ARR_keep_V_0_data_out">9, 2, 4, 8</column>
<column name="INPUT_ARR_keep_V_0_state">15, 3, 2, 6</column>
<column name="INPUT_ARR_last_V_0_data_out">9, 2, 1, 2</column>
<column name="INPUT_ARR_last_V_0_state">15, 3, 2, 6</column>
<column name="INPUT_ARR_strb_V_0_data_out">9, 2, 4, 8</column>
<column name="INPUT_ARR_strb_V_0_state">15, 3, 2, 6</column>
<column name="INPUT_ARR_user_V_0_data_out">9, 2, 1, 2</column>
<column name="INPUT_ARR_user_V_0_state">15, 3, 2, 6</column>
<column name="OUTPUT_ARR_TDATA_blk_n">9, 2, 1, 2</column>
<column name="OUTPUT_ARR_data_V_1_data_out">9, 2, 32, 64</column>
<column name="OUTPUT_ARR_data_V_1_state">15, 3, 2, 6</column>
<column name="OUTPUT_ARR_dest_V_1_data_out">9, 2, 1, 2</column>
<column name="OUTPUT_ARR_dest_V_1_state">15, 3, 2, 6</column>
<column name="OUTPUT_ARR_id_V_1_data_out">9, 2, 1, 2</column>
<column name="OUTPUT_ARR_id_V_1_state">15, 3, 2, 6</column>
<column name="OUTPUT_ARR_keep_V_1_data_out">9, 2, 4, 8</column>
<column name="OUTPUT_ARR_keep_V_1_state">15, 3, 2, 6</column>
<column name="OUTPUT_ARR_last_V_1_data_out">9, 2, 1, 2</column>
<column name="OUTPUT_ARR_last_V_1_state">15, 3, 2, 6</column>
<column name="OUTPUT_ARR_strb_V_1_data_out">9, 2, 4, 8</column>
<column name="OUTPUT_ARR_strb_V_1_state">15, 3, 2, 6</column>
<column name="OUTPUT_ARR_user_V_1_data_out">9, 2, 1, 2</column>
<column name="OUTPUT_ARR_user_V_1_state">15, 3, 2, 6</column>
<column name="ap_NS_fsm">121, 26, 1, 26</column>
<column name="i1_reg_230">9, 2, 7, 14</column>
<column name="ii_reg_197">9, 2, 8, 16</column>
<column name="p_Val2_3_reg_208">9, 2, 2049, 4098</column>
</table>
</item>
<item name = "Register"><table name="" hasTotal="1">
<keys size="5">Name, FF, LUT, Bits, Const Bits</keys>
<column name="Hi_assign_1_reg_219">12, 0, 12, 0</column>
<column name="Hi_assign_2_reg_1006">6, 0, 11, 5</column>
<column name="INPUT_ARR_data_V_0_payload_A">32, 0, 32, 0</column>
<column name="INPUT_ARR_data_V_0_payload_B">32, 0, 32, 0</column>
<column name="INPUT_ARR_data_V_0_sel_rd">1, 0, 1, 0</column>
<column name="INPUT_ARR_data_V_0_sel_wr">1, 0, 1, 0</column>
<column name="INPUT_ARR_data_V_0_state">2, 0, 2, 0</column>
<column name="INPUT_ARR_dest_V_0_payload_A">1, 0, 1, 0</column>
<column name="INPUT_ARR_dest_V_0_payload_B">1, 0, 1, 0</column>
<column name="INPUT_ARR_dest_V_0_sel_rd">1, 0, 1, 0</column>
<column name="INPUT_ARR_dest_V_0_sel_wr">1, 0, 1, 0</column>
<column name="INPUT_ARR_dest_V_0_state">2, 0, 2, 0</column>
<column name="INPUT_ARR_id_V_0_payload_A">1, 0, 1, 0</column>
<column name="INPUT_ARR_id_V_0_payload_B">1, 0, 1, 0</column>
<column name="INPUT_ARR_id_V_0_sel_rd">1, 0, 1, 0</column>
<column name="INPUT_ARR_id_V_0_sel_wr">1, 0, 1, 0</column>
<column name="INPUT_ARR_id_V_0_state">2, 0, 2, 0</column>
<column name="INPUT_ARR_keep_V_0_payload_A">4, 0, 4, 0</column>
<column name="INPUT_ARR_keep_V_0_payload_B">4, 0, 4, 0</column>
<column name="INPUT_ARR_keep_V_0_sel_rd">1, 0, 1, 0</column>
<column name="INPUT_ARR_keep_V_0_sel_wr">1, 0, 1, 0</column>
<column name="INPUT_ARR_keep_V_0_state">2, 0, 2, 0</column>
<column name="INPUT_ARR_last_V_0_payload_A">1, 0, 1, 0</column>
<column name="INPUT_ARR_last_V_0_payload_B">1, 0, 1, 0</column>
<column name="INPUT_ARR_last_V_0_sel_rd">1, 0, 1, 0</column>
<column name="INPUT_ARR_last_V_0_sel_wr">1, 0, 1, 0</column>
<column name="INPUT_ARR_last_V_0_state">2, 0, 2, 0</column>
<column name="INPUT_ARR_strb_V_0_payload_A">4, 0, 4, 0</column>
<column name="INPUT_ARR_strb_V_0_payload_B">4, 0, 4, 0</column>
<column name="INPUT_ARR_strb_V_0_sel_rd">1, 0, 1, 0</column>
<column name="INPUT_ARR_strb_V_0_sel_wr">1, 0, 1, 0</column>
<column name="INPUT_ARR_strb_V_0_state">2, 0, 2, 0</column>
<column name="INPUT_ARR_user_V_0_payload_A">1, 0, 1, 0</column>
<column name="INPUT_ARR_user_V_0_payload_B">1, 0, 1, 0</column>
<column name="INPUT_ARR_user_V_0_sel_rd">1, 0, 1, 0</column>
<column name="INPUT_ARR_user_V_0_sel_wr">1, 0, 1, 0</column>
<column name="INPUT_ARR_user_V_0_state">2, 0, 2, 0</column>
<column name="Lo_assign_1_reg_1001">6, 0, 11, 5</column>
<column name="OUTPUT_ARR_data_V_1_payload_A">32, 0, 32, 0</column>
<column name="OUTPUT_ARR_data_V_1_payload_B">32, 0, 32, 0</column>
<column name="OUTPUT_ARR_data_V_1_sel_rd">1, 0, 1, 0</column>
<column name="OUTPUT_ARR_data_V_1_sel_wr">1, 0, 1, 0</column>
<column name="OUTPUT_ARR_data_V_1_state">2, 0, 2, 0</column>
<column name="OUTPUT_ARR_dest_V_1_payload_A">1, 0, 1, 0</column>
<column name="OUTPUT_ARR_dest_V_1_payload_B">1, 0, 1, 0</column>
<column name="OUTPUT_ARR_dest_V_1_sel_rd">1, 0, 1, 0</column>
<column name="OUTPUT_ARR_dest_V_1_sel_wr">1, 0, 1, 0</column>
<column name="OUTPUT_ARR_dest_V_1_state">2, 0, 2, 0</column>
<column name="OUTPUT_ARR_id_V_1_payload_A">1, 0, 1, 0</column>
<column name="OUTPUT_ARR_id_V_1_payload_B">1, 0, 1, 0</column>
<column name="OUTPUT_ARR_id_V_1_sel_rd">1, 0, 1, 0</column>
<column name="OUTPUT_ARR_id_V_1_sel_wr">1, 0, 1, 0</column>
<column name="OUTPUT_ARR_id_V_1_state">2, 0, 2, 0</column>
<column name="OUTPUT_ARR_keep_V_1_payload_A">4, 0, 4, 0</column>
<column name="OUTPUT_ARR_keep_V_1_payload_B">4, 0, 4, 0</column>
<column name="OUTPUT_ARR_keep_V_1_sel_rd">1, 0, 1, 0</column>
<column name="OUTPUT_ARR_keep_V_1_sel_wr">1, 0, 1, 0</column>
<column name="OUTPUT_ARR_keep_V_1_state">2, 0, 2, 0</column>
<column name="OUTPUT_ARR_last_V_1_payload_A">1, 0, 1, 0</column>
<column name="OUTPUT_ARR_last_V_1_payload_B">1, 0, 1, 0</column>
<column name="OUTPUT_ARR_last_V_1_sel_rd">1, 0, 1, 0</column>
<column name="OUTPUT_ARR_last_V_1_sel_wr">1, 0, 1, 0</column>
<column name="OUTPUT_ARR_last_V_1_state">2, 0, 2, 0</column>
<column name="OUTPUT_ARR_strb_V_1_payload_A">4, 0, 4, 0</column>
<column name="OUTPUT_ARR_strb_V_1_payload_B">4, 0, 4, 0</column>
<column name="OUTPUT_ARR_strb_V_1_sel_rd">1, 0, 1, 0</column>
<column name="OUTPUT_ARR_strb_V_1_sel_wr">1, 0, 1, 0</column>
<column name="OUTPUT_ARR_strb_V_1_state">2, 0, 2, 0</column>
<column name="OUTPUT_ARR_user_V_1_payload_A">1, 0, 1, 0</column>
<column name="OUTPUT_ARR_user_V_1_payload_B">1, 0, 1, 0</column>
<column name="OUTPUT_ARR_user_V_1_sel_rd">1, 0, 1, 0</column>
<column name="OUTPUT_ARR_user_V_1_sel_wr">1, 0, 1, 0</column>
<column name="OUTPUT_ARR_user_V_1_state">2, 0, 2, 0</column>
<column name="ap_CS_fsm">25, 0, 25, 0</column>
<column name="i1_reg_230">7, 0, 7, 0</column>
<column name="i_1_reg_996">7, 0, 7, 0</column>
<column name="i_reg_941">12, 0, 12, 0</column>
<column name="ii_1_reg_789">8, 0, 8, 0</column>
<column name="ii_reg_197">8, 0, 8, 0</column>
<column name="p_2_reg_946">2048, 0, 2048, 0</column>
<column name="p_Result_1_reg_971">2049, 0, 2049, 0</column>
<column name="p_Val2_2_reg_173">2048, 0, 2048, 0</column>
<column name="p_Val2_3_cast_reg_931">2049, 0, 2050, 1</column>
<column name="p_Val2_3_reg_208">2049, 0, 2049, 0</column>
<column name="p_Val2_s_reg_185">2048, 0, 2048, 0</column>
<column name="p_demorgan9_reg_915">2048, 0, 2048, 0</column>
<column name="p_demorgan_reg_903">2048, 0, 2048, 0</column>
<column name="result_mont_V_1_reg_983">2049, 0, 2049, 0</column>
<column name="tmp_11_reg_847">12, 0, 12, 0</column>
<column name="tmp_12_reg_813">12, 0, 12, 0</column>
<column name="tmp_16_reg_897">2048, 0, 2048, 0</column>
<column name="tmp_20_reg_877">2048, 0, 2048, 0</column>
<column name="tmp_26_reg_818">1, 0, 1, 0</column>
<column name="tmp_27_reg_825">7, 0, 12, 5</column>
<column name="tmp_28_reg_832">7, 0, 12, 5</column>
<column name="tmp_32_reg_857">12, 0, 12, 0</column>
<column name="tmp_33_reg_837">12, 0, 12, 0</column>
<column name="tmp_37_reg_909">2048, 0, 2048, 0</column>
<column name="tmp_3_reg_794">1, 0, 1, 0</column>
<column name="tmp_41_reg_892">2048, 0, 2048, 0</column>
<column name="tmp_4_reg_978">1, 0, 1, 0</column>
<column name="tmp_50_reg_1011">1, 0, 1, 0</column>
<column name="tmp_58_reg_1018">2050, 0, 2050, 0</column>
<column name="tmp_59_reg_1023">8, 0, 12, 4</column>
<column name="tmp_5_reg_801">7, 0, 12, 5</column>
<column name="tmp_60_reg_1028">11, 0, 12, 1</column>
<column name="tmp_63_reg_1043">2050, 0, 2050, 0</column>
<column name="tmp_64_reg_1048">2050, 0, 2050, 0</column>
<column name="tmp_7_reg_808">7, 0, 12, 5</column>
<column name="tmp_cast_cast_reg_951">1040, 0, 2049, 1009</column>
<column name="tmp_reg_961">2049, 0, 2049, 0</column>
<column name="x0_V_reg_842">1, 0, 1, 0</column>
</table>
</item>
</section>
</item>
</section>

<section name = "Interface" level="0">
<item name = "Summary"><table name="" hasTotal="0">
<keys size="6">RTL Ports, Dir, Bits, Protocol, Source Object, C Type</keys>
<column name="s_axi_AXILiteS_AWVALID">in, 1, s_axi, AXILiteS, return void</column>
<column name="s_axi_AXILiteS_AWREADY">out, 1, s_axi, AXILiteS, return void</column>
<column name="s_axi_AXILiteS_AWADDR">in, 4, s_axi, AXILiteS, return void</column>
<column name="s_axi_AXILiteS_WVALID">in, 1, s_axi, AXILiteS, return void</column>
<column name="s_axi_AXILiteS_WREADY">out, 1, s_axi, AXILiteS, return void</column>
<column name="s_axi_AXILiteS_WDATA">in, 32, s_axi, AXILiteS, return void</column>
<column name="s_axi_AXILiteS_WSTRB">in, 4, s_axi, AXILiteS, return void</column>
<column name="s_axi_AXILiteS_ARVALID">in, 1, s_axi, AXILiteS, return void</column>
<column name="s_axi_AXILiteS_ARREADY">out, 1, s_axi, AXILiteS, return void</column>
<column name="s_axi_AXILiteS_ARADDR">in, 4, s_axi, AXILiteS, return void</column>
<column name="s_axi_AXILiteS_RVALID">out, 1, s_axi, AXILiteS, return void</column>
<column name="s_axi_AXILiteS_RREADY">in, 1, s_axi, AXILiteS, return void</column>
<column name="s_axi_AXILiteS_RDATA">out, 32, s_axi, AXILiteS, return void</column>
<column name="s_axi_AXILiteS_RRESP">out, 2, s_axi, AXILiteS, return void</column>
<column name="s_axi_AXILiteS_BVALID">out, 1, s_axi, AXILiteS, return void</column>
<column name="s_axi_AXILiteS_BREADY">in, 1, s_axi, AXILiteS, return void</column>
<column name="s_axi_AXILiteS_BRESP">out, 2, s_axi, AXILiteS, return void</column>
<column name="ap_clk">in, 1, ap_ctrl_hs, montgo, return value</column>
<column name="ap_rst_n">in, 1, ap_ctrl_hs, montgo, return value</column>
<column name="interrupt">out, 1, ap_ctrl_hs, montgo, return value</column>
<column name="INPUT_ARR_TDATA">in, 32, axis, INPUT_ARR_data_V, pointer</column>
<column name="INPUT_ARR_TVALID">in, 1, axis, INPUT_ARR_dest_V, pointer</column>
<column name="INPUT_ARR_TREADY">out, 1, axis, INPUT_ARR_dest_V, pointer</column>
<column name="INPUT_ARR_TDEST">in, 1, axis, INPUT_ARR_dest_V, pointer</column>
<column name="INPUT_ARR_TKEEP">in, 4, axis, INPUT_ARR_keep_V, pointer</column>
<column name="INPUT_ARR_TSTRB">in, 4, axis, INPUT_ARR_strb_V, pointer</column>
<column name="INPUT_ARR_TUSER">in, 1, axis, INPUT_ARR_user_V, pointer</column>
<column name="INPUT_ARR_TLAST">in, 1, axis, INPUT_ARR_last_V, pointer</column>
<column name="INPUT_ARR_TID">in, 1, axis, INPUT_ARR_id_V, pointer</column>
<column name="OUTPUT_ARR_TDATA">out, 32, axis, OUTPUT_ARR_data_V, pointer</column>
<column name="OUTPUT_ARR_TREADY">in, 1, axis, OUTPUT_ARR_data_V, pointer</column>
<column name="OUTPUT_ARR_TVALID">out, 1, axis, OUTPUT_ARR_dest_V, pointer</column>
<column name="OUTPUT_ARR_TDEST">out, 1, axis, OUTPUT_ARR_dest_V, pointer</column>
<column name="OUTPUT_ARR_TKEEP">out, 4, axis, OUTPUT_ARR_keep_V, pointer</column>
<column name="OUTPUT_ARR_TSTRB">out, 4, axis, OUTPUT_ARR_strb_V, pointer</column>
<column name="OUTPUT_ARR_TUSER">out, 1, axis, OUTPUT_ARR_user_V, pointer</column>
<column name="OUTPUT_ARR_TLAST">out, 1, axis, OUTPUT_ARR_last_V, pointer</column>
<column name="OUTPUT_ARR_TID">out, 1, axis, OUTPUT_ARR_id_V, pointer</column>
</table>
</item>
</section>

<section name = "Critical Path" level="0">
<item name = "Max Delay">3.90</item>
<item name = "Critical Path Table"><table name="Critical Path Table" hasTotal="0">
<keys size="15">Name, Operator, Delay, Accumulated Delay, Store Source, Resource, Core, Interface, Type, Port, Array, Scope, Pointer, Callee, Phi Node</keys>
<column name="'tmp_4', montg_mul/montg_mul.cpp:38">icmp, 3.90, 3.90, -, -, -, -, -, -, -, -, -, -, -</column>
</table>
</item>
</section>
</profile>
