<annotationInfo>
<annotationInfo>
<item  id="38" filename="montg_mul/montg_mul.cpp" linenumber="20" name="exitcond1" contextFuncName="montgo" moduleName="montgo" rtlName="exitcond1_fu_241_p2" latency="0" BRAM="-1" DSP="-1" FF="0" LUT="13" fileDirectory="E:\vivadoHLS_project"><\/item>
<item  id="40" filename="montg_mul/montg_mul.cpp" linenumber="20" name="ii_1" contextFuncName="montgo" moduleName="montgo" rtlName="ii_1_fu_247_p2" latency="0" BRAM="-1" DSP="-1" FF="0" LUT="15" fileDirectory="E:\vivadoHLS_project"><\/item>
<item  id="43" filename="montg_mul/montg_mul.cpp" linenumber="20" name="tmp_2" contextFuncName="montgo" moduleName="montgo" rtlName="tmp_2_fu_253_p1" latency="0" BRAM="-1" DSP="-1" FF="-1" LUT="-1" fileDirectory="E:\vivadoHLS_project"><\/item>
<item  id="44" filename="montg_mul/montg_mul.cpp" linenumber="22" name="Lo_assign" contextFuncName="montgo" moduleName="montgo" rtlName="Lo_assign_fu_257_p3" latency="0" BRAM="-1" DSP="-1" FF="-1" LUT="-1" fileDirectory="E:\vivadoHLS_project"><\/item>
<item  id="45" filename="montg_mul/montg_mul.cpp" linenumber="22" name="Hi_assign" contextFuncName="montgo" moduleName="montgo" rtlName="Hi_assign_fu_265_p2" latency="0" BRAM="-1" DSP="-1" FF="0" LUT="11" fileDirectory="E:\vivadoHLS_project"><\/item>
<item  id="48" filename="montg_mul/montg_mul.cpp" linenumber="22" name="p_Result_s" contextFuncName="montgo" moduleName="montgo" rtlName="p_Result_s_fu_375_p4" latency="0" BRAM="-1" DSP="-1" FF="-1" LUT="-1" fileDirectory="E:\vivadoHLS_project"><\/item>
<item  id="49" filename="montg_mul/montg_mul.cpp" linenumber="22" name="tmp_V" contextFuncName="montgo" moduleName="montgo" rtlName="grp_fu_392_p0" latency="0" BRAM="-1" DSP="-1" FF="-1" LUT="-1" fileDirectory="E:\vivadoHLS_project"><\/item>
<item  id="50" filename="montg_mul/montg_mul.cpp" linenumber="22" name="tmp_3" contextFuncName="montgo" moduleName="montgo" rtlName="tmp_3_fu_271_p2" latency="0" BRAM="-1" DSP="-1" FF="0" LUT="13" fileDirectory="E:\vivadoHLS_project"><\/item>
<item  id="51" filename="montg_mul/montg_mul.cpp" linenumber="22" name="tmp_5" contextFuncName="montgo" moduleName="montgo" rtlName="tmp_5_fu_277_p1" latency="0" BRAM="-1" DSP="-1" FF="-1" LUT="-1" fileDirectory="E:\vivadoHLS_project"><\/item>
<item  id="52" filename="montg_mul/montg_mul.cpp" linenumber="22" name="tmp_7" contextFuncName="montgo" moduleName="montgo" rtlName="tmp_7_fu_281_p1" latency="0" BRAM="-1" DSP="-1" FF="-1" LUT="-1" fileDirectory="E:\vivadoHLS_project"><\/item>
<item  id="53" filename="montg_mul/montg_mul.cpp" linenumber="22" name="tmp_8" contextFuncName="montgo" moduleName="montgo" rtlName="tmp_8_fu_331_p2" latency="0" BRAM="-1" DSP="-1" FF="0" LUT="12" fileDirectory="E:\vivadoHLS_project"><\/item>
<item  id="54" filename="montg_mul/montg_mul.cpp" linenumber="22" name="tmp_9" contextFuncName="montgo" moduleName="montgo" rtlName="tmp_9_fu_285_p3" latency="0" BRAM="-1" DSP="-1" FF="0" LUT="12" fileDirectory="E:\vivadoHLS_project"><\/item>
<item  id="55" filename="montg_mul/montg_mul.cpp" linenumber="22" name="tmp_10" contextFuncName="montgo" moduleName="montgo" rtlName="tmp_10_fu_415_p3" latency="0" BRAM="-1" DSP="-1" FF="0" LUT="12" fileDirectory="E:\vivadoHLS_project"><\/item>
<item  id="56" filename="montg_mul/montg_mul.cpp" linenumber="22" name="tmp_11" contextFuncName="montgo" moduleName="montgo" rtlName="tmp_11_fu_336_p3" latency="0" BRAM="-1" DSP="-1" FF="0" LUT="12" fileDirectory="E:\vivadoHLS_project"><\/item>
<item  id="57" filename="montg_mul/montg_mul.cpp" linenumber="22" name="tmp_12" contextFuncName="montgo" moduleName="montgo" rtlName="tmp_12_fu_293_p2" latency="0" BRAM="-1" DSP="-1" FF="0" LUT="12" fileDirectory="E:\vivadoHLS_project"><\/item>
<item  id="58" filename="montg_mul/montg_mul.cpp" linenumber="22" name="tmp_13" contextFuncName="montgo" moduleName="montgo" rtlName="grp_fu_392_p1" latency="0" BRAM="-1" DSP="-1" FF="-1" LUT="-1" fileDirectory="E:\vivadoHLS_project"><\/item>
<item  id="59" filename="montg_mul/montg_mul.cpp" linenumber="22" name="tmp_14" contextFuncName="montgo" moduleName="montgo" rtlName="tmp_14_fu_420_p1" latency="0" BRAM="-1" DSP="-1" FF="-1" LUT="-1" fileDirectory="E:\vivadoHLS_project"><\/item>
<item  id="60" filename="montg_mul/montg_mul.cpp" linenumber="22" name="tmp_15" contextFuncName="montgo" moduleName="montgo" rtlName="grp_fu_345_p1" latency="0" BRAM="-1" DSP="-1" FF="-1" LUT="-1" fileDirectory="E:\vivadoHLS_project"><\/item>
<item  id="61" filename="montg_mul/montg_mul.cpp" linenumber="22" name="tmp_16" contextFuncName="montgo" moduleName="montgo" rtlName="montgo_shl_2048nscud_U3" latency="1" BRAM="-1" DSP="-1" FF="-1" LUT="-1" fileDirectory="E:\vivadoHLS_project"><\/item>
<item  id="62" filename="montg_mul/montg_mul.cpp" linenumber="22" name="tmp_17" contextFuncName="montgo" moduleName="montgo" rtlName="tmp_17_fu_455_p4" latency="0" BRAM="-1" DSP="-1" FF="-1" LUT="-1" fileDirectory="E:\vivadoHLS_project"><\/item>
<item  id="63" filename="montg_mul/montg_mul.cpp" linenumber="22" name="tmp_18" contextFuncName="montgo" moduleName="montgo" rtlName="tmp_18_fu_464_p3" latency="0" BRAM="-1" DSP="-1" FF="0" LUT="2048" fileDirectory="E:\vivadoHLS_project"><\/item>
<item  id="64" filename="montg_mul/montg_mul.cpp" linenumber="22" name="tmp_19" contextFuncName="montgo" moduleName="montgo" rtlName="tmp_19_fu_424_p2" latency="0" BRAM="-1" DSP="-1" FF="0" LUT="2171" fileDirectory="E:\vivadoHLS_project"><\/item>
<item  id="65" filename="montg_mul/montg_mul.cpp" linenumber="22" name="tmp_20" contextFuncName="montgo" moduleName="montgo" rtlName="montgo_lshr_2048sbkb_U1" latency="1" BRAM="-1" DSP="-1" FF="-1" LUT="-1" fileDirectory="E:\vivadoHLS_project"><\/item>
<item  id="66" filename="montg_mul/montg_mul.cpp" linenumber="22" name="p_demorgan" contextFuncName="montgo" moduleName="montgo" rtlName="p_demorgan_fu_430_p2" latency="0" BRAM="-1" DSP="-1" FF="0" LUT="2048" fileDirectory="E:\vivadoHLS_project"><\/item>
<item  id="67" filename="montg_mul/montg_mul.cpp" linenumber="22" name="tmp_21" contextFuncName="montgo" moduleName="montgo" rtlName="tmp_21_fu_470_p2" latency="0" BRAM="-1" DSP="-1" FF="0" LUT="2048" fileDirectory="E:\vivadoHLS_project"><\/item>
<item  id="68" filename="montg_mul/montg_mul.cpp" linenumber="22" name="tmp_22" contextFuncName="montgo" moduleName="montgo" rtlName="tmp_22_fu_475_p2" latency="0" BRAM="-1" DSP="-1" FF="0" LUT="2048" fileDirectory="E:\vivadoHLS_project"><\/item>
<item  id="69" filename="montg_mul/montg_mul.cpp" linenumber="22" name="tmp_23" contextFuncName="montgo" moduleName="montgo" rtlName="tmp_23_fu_481_p2" latency="0" BRAM="-1" DSP="-1" FF="0" LUT="2048" fileDirectory="E:\vivadoHLS_project"><\/item>
<item  id="70" filename="montg_mul/montg_mul.cpp" linenumber="22" name="p_Result_5" contextFuncName="montgo" moduleName="montgo" rtlName="p_Result_5_fu_486_p2" latency="0" BRAM="-1" DSP="-1" FF="0" LUT="2048" fileDirectory="E:\vivadoHLS_project"><\/item>
<item  id="71" filename="montg_mul/montg_mul.cpp" linenumber="23" name="tmp_25" contextFuncName="montgo" moduleName="montgo" rtlName="tmp_25_fu_398_p1" latency="0" BRAM="-1" DSP="-1" FF="-1" LUT="-1" fileDirectory="E:\vivadoHLS_project"><\/item>
<item  id="72" filename="montg_mul/montg_mul.cpp" linenumber="23" name="tmp_V_1" contextFuncName="montgo" moduleName="montgo" rtlName="grp_fu_409_p0" latency="0" BRAM="-1" DSP="-1" FF="-1" LUT="-1" fileDirectory="E:\vivadoHLS_project"><\/item>
<item  id="73" filename="montg_mul/montg_mul.cpp" linenumber="23" name="tmp_26" contextFuncName="montgo" moduleName="montgo" rtlName="tmp_26_fu_299_p2" latency="0" BRAM="-1" DSP="-1" FF="0" LUT="13" fileDirectory="E:\vivadoHLS_project"><\/item>
<item  id="74" filename="montg_mul/montg_mul.cpp" linenumber="23" name="tmp_27" contextFuncName="montgo" moduleName="montgo" rtlName="tmp_27_fu_305_p1" latency="0" BRAM="-1" DSP="-1" FF="-1" LUT="-1" fileDirectory="E:\vivadoHLS_project"><\/item>
<item  id="75" filename="montg_mul/montg_mul.cpp" linenumber="23" name="tmp_28" contextFuncName="montgo" moduleName="montgo" rtlName="tmp_28_fu_309_p1" latency="0" BRAM="-1" DSP="-1" FF="-1" LUT="-1" fileDirectory="E:\vivadoHLS_project"><\/item>
<item  id="76" filename="montg_mul/montg_mul.cpp" linenumber="23" name="tmp_29" contextFuncName="montgo" moduleName="montgo" rtlName="tmp_29_fu_351_p2" latency="0" BRAM="-1" DSP="-1" FF="0" LUT="12" fileDirectory="E:\vivadoHLS_project"><\/item>
<item  id="77" filename="montg_mul/montg_mul.cpp" linenumber="23" name="tmp_30" contextFuncName="montgo" moduleName="montgo" rtlName="tmp_30_fu_313_p3" latency="0" BRAM="-1" DSP="-1" FF="0" LUT="12" fileDirectory="E:\vivadoHLS_project"><\/item>
<item  id="78" filename="montg_mul/montg_mul.cpp" linenumber="23" name="tmp_31" contextFuncName="montgo" moduleName="montgo" rtlName="tmp_31_fu_435_p3" latency="0" BRAM="-1" DSP="-1" FF="0" LUT="12" fileDirectory="E:\vivadoHLS_project"><\/item>
<item  id="79" filename="montg_mul/montg_mul.cpp" linenumber="23" name="tmp_32" contextFuncName="montgo" moduleName="montgo" rtlName="tmp_32_fu_356_p3" latency="0" BRAM="-1" DSP="-1" FF="0" LUT="12" fileDirectory="E:\vivadoHLS_project"><\/item>
<item  id="80" filename="montg_mul/montg_mul.cpp" linenumber="23" name="tmp_33" contextFuncName="montgo" moduleName="montgo" rtlName="tmp_33_fu_321_p2" latency="0" BRAM="-1" DSP="-1" FF="0" LUT="12" fileDirectory="E:\vivadoHLS_project"><\/item>
<item  id="81" filename="montg_mul/montg_mul.cpp" linenumber="23" name="tmp_34" contextFuncName="montgo" moduleName="montgo" rtlName="grp_fu_409_p1" latency="0" BRAM="-1" DSP="-1" FF="-1" LUT="-1" fileDirectory="E:\vivadoHLS_project"><\/item>
<item  id="82" filename="montg_mul/montg_mul.cpp" linenumber="23" name="tmp_35" contextFuncName="montgo" moduleName="montgo" rtlName="tmp_35_fu_440_p1" latency="0" BRAM="-1" DSP="-1" FF="-1" LUT="-1" fileDirectory="E:\vivadoHLS_project"><\/item>
<item  id="83" filename="montg_mul/montg_mul.cpp" linenumber="23" name="tmp_36" contextFuncName="montgo" moduleName="montgo" rtlName="grp_fu_365_p1" latency="0" BRAM="-1" DSP="-1" FF="-1" LUT="-1" fileDirectory="E:\vivadoHLS_project"><\/item>
<item  id="84" filename="montg_mul/montg_mul.cpp" linenumber="23" name="tmp_37" contextFuncName="montgo" moduleName="montgo" rtlName="montgo_shl_2048nscud_U4" latency="1" BRAM="-1" DSP="-1" FF="-1" LUT="-1" fileDirectory="E:\vivadoHLS_project"><\/item>
<item  id="85" filename="montg_mul/montg_mul.cpp" linenumber="23" name="tmp_38" contextFuncName="montgo" moduleName="montgo" rtlName="tmp_38_fu_492_p4" latency="0" BRAM="-1" DSP="-1" FF="-1" LUT="-1" fileDirectory="E:\vivadoHLS_project"><\/item>
<item  id="86" filename="montg_mul/montg_mul.cpp" linenumber="23" name="tmp_39" contextFuncName="montgo" moduleName="montgo" rtlName="tmp_39_fu_501_p3" latency="0" BRAM="-1" DSP="-1" FF="0" LUT="2048" fileDirectory="E:\vivadoHLS_project"><\/item>
<item  id="87" filename="montg_mul/montg_mul.cpp" linenumber="23" name="tmp_40" contextFuncName="montgo" moduleName="montgo" rtlName="tmp_40_fu_444_p2" latency="0" BRAM="-1" DSP="-1" FF="0" LUT="2171" fileDirectory="E:\vivadoHLS_project"><\/item>
<item  id="88" filename="montg_mul/montg_mul.cpp" linenumber="23" name="tmp_41" contextFuncName="montgo" moduleName="montgo" rtlName="montgo_lshr_2048sbkb_U2" latency="1" BRAM="-1" DSP="-1" FF="-1" LUT="-1" fileDirectory="E:\vivadoHLS_project"><\/item>
<item  id="89" filename="montg_mul/montg_mul.cpp" linenumber="23" name="p_demorgan9" contextFuncName="montgo" moduleName="montgo" rtlName="p_demorgan9_fu_450_p2" latency="0" BRAM="-1" DSP="-1" FF="0" LUT="2048" fileDirectory="E:\vivadoHLS_project"><\/item>
<item  id="90" filename="montg_mul/montg_mul.cpp" linenumber="23" name="tmp_42" contextFuncName="montgo" moduleName="montgo" rtlName="tmp_42_fu_507_p2" latency="0" BRAM="-1" DSP="-1" FF="0" LUT="2048" fileDirectory="E:\vivadoHLS_project"><\/item>
<item  id="91" filename="montg_mul/montg_mul.cpp" linenumber="23" name="tmp_43" contextFuncName="montgo" moduleName="montgo" rtlName="tmp_43_fu_512_p2" latency="0" BRAM="-1" DSP="-1" FF="0" LUT="2048" fileDirectory="E:\vivadoHLS_project"><\/item>
<item  id="92" filename="montg_mul/montg_mul.cpp" linenumber="23" name="tmp_44" contextFuncName="montgo" moduleName="montgo" rtlName="tmp_44_fu_518_p2" latency="0" BRAM="-1" DSP="-1" FF="0" LUT="2048" fileDirectory="E:\vivadoHLS_project"><\/item>
<item  id="93" filename="montg_mul/montg_mul.cpp" linenumber="23" name="p_Result_6" contextFuncName="montgo" moduleName="montgo" rtlName="p_Result_6_fu_523_p2" latency="0" BRAM="-1" DSP="-1" FF="0" LUT="2048" fileDirectory="E:\vivadoHLS_project"><\/item>
<item  id="96" filename="montg_mul/montg_mul.cpp" linenumber="27" name="x0_V" contextFuncName="montgo" moduleName="montgo" rtlName="x0_V_fu_327_p1" latency="0" BRAM="-1" DSP="-1" FF="-1" LUT="-1" fileDirectory="E:\vivadoHLS_project"><\/item>
<item  id="101" filename="montg_mul/montg_mul.cpp" linenumber="33" name="p_Val2_3_cast" contextFuncName="montgo" moduleName="montgo" rtlName="p_Val2_3_cast_fu_529_p1" latency="0" BRAM="-1" DSP="-1" FF="-1" LUT="-1" fileDirectory="E:\vivadoHLS_project"><\/item>
<item  id="102" filename="montg_mul/montg_mul.cpp" linenumber="33" name="Hi_assign_1_cast2" contextFuncName="montgo" moduleName="montgo" rtlName="Hi_assign_1_cast2_fu_533_p1" latency="0" BRAM="-1" DSP="-1" FF="-1" LUT="-1" fileDirectory="E:\vivadoHLS_project"><\/item>
<item  id="103" filename="montg_mul/montg_mul.cpp" linenumber="33" name="exitcond2" contextFuncName="montgo" moduleName="montgo" rtlName="exitcond2_fu_537_p2" latency="0" BRAM="-1" DSP="-1" FF="0" LUT="13" fileDirectory="E:\vivadoHLS_project"><\/item>
<item  id="105" filename="montg_mul/montg_mul.cpp" linenumber="33" name="i" contextFuncName="montgo" moduleName="montgo" rtlName="i_fu_543_p2" latency="0" BRAM="-1" DSP="-1" FF="0" LUT="12" fileDirectory="E:\vivadoHLS_project"><\/item>
<item  id="108" filename="montg_mul/montg_mul.cpp" linenumber="35" name="tmp_46" contextFuncName="montgo" moduleName="montgo" rtlName="tmp_46_fu_549_p3" latency="0" BRAM="-1" DSP="-1" FF="-1" LUT="-1" fileDirectory="E:\vivadoHLS_project"><\/item>
<item  id="109" filename="montg_mul/montg_mul.cpp" linenumber="35" name="tmp_6" contextFuncName="montgo" moduleName="montgo" rtlName="tmp_6_fu_557_p2" latency="0" BRAM="-1" DSP="-1" FF="0" LUT="2" fileDirectory="E:\vivadoHLS_project"><\/item>
<item  id="110" filename="montg_mul/montg_mul.cpp" linenumber="35" name="tmp_47" contextFuncName="montgo" moduleName="montgo" rtlName="tmp_47_fu_562_p1" latency="0" BRAM="-1" DSP="-1" FF="-1" LUT="-1" fileDirectory="E:\vivadoHLS_project"><\/item>
<item  id="111" filename="montg_mul/montg_mul.cpp" linenumber="35" name="u_V" contextFuncName="montgo" moduleName="montgo" rtlName="u_V_fu_566_p2" latency="0" BRAM="-1" DSP="-1" FF="0" LUT="2" fileDirectory="E:\vivadoHLS_project"><\/item>
<item  id="112" filename="montg_mul/montg_mul.cpp" linenumber="36" name="tmp_48" contextFuncName="montgo" moduleName="montgo" rtlName="tmp_48_fu_572_p3" latency="0" BRAM="-1" DSP="-1" FF="0" LUT="2" fileDirectory="E:\vivadoHLS_project"><\/item>
<item  id="113" filename="montg_mul/montg_mul.cpp" linenumber="36" name="p_2" contextFuncName="montgo" moduleName="montgo" rtlName="p_2_fu_580_p2" latency="0" BRAM="-1" DSP="-1" FF="0" LUT="2048" fileDirectory="E:\vivadoHLS_project"><\/item>
<item  id="114" filename="montg_mul/montg_mul.cpp" linenumber="36" name="p_2_cast" contextFuncName="montgo" moduleName="montgo" rtlName="grp_fu_597_p1" latency="0" BRAM="-1" DSP="-1" FF="-1" LUT="-1" fileDirectory="E:\vivadoHLS_project"><\/item>
<item  id="115" filename="montg_mul/montg_mul.cpp" linenumber="36" name="tmp_cast_cast" contextFuncName="montgo" moduleName="montgo" rtlName="tmp_cast_cast_fu_586_p3" latency="0" BRAM="-1" DSP="-1" FF="0" LUT="2048" fileDirectory="E:\vivadoHLS_project"><\/item>
<item  id="116" filename="montg_mul/montg_mul.cpp" linenumber="36" name="tmp" contextFuncName="montgo" moduleName="montgo" rtlName="montgo_add_2049nsdEe_U5" latency="1" BRAM="-1" DSP="-1" FF="-1" LUT="-1" fileDirectory="E:\vivadoHLS_project"><\/item>
<item  id="117" filename="montg_mul/montg_mul.cpp" linenumber="36" name="tmp_cast" contextFuncName="montgo" moduleName="montgo" rtlName="grp_fu_605_p1" latency="0" BRAM="-1" DSP="-1" FF="-1" LUT="-1" fileDirectory="E:\vivadoHLS_project"><\/item>
<item  id="118" filename="montg_mul/montg_mul.cpp" linenumber="36" name="result_mont_V_3" contextFuncName="montgo" moduleName="montgo" rtlName="montgo_add_2050nseOg_U6" latency="1" BRAM="-1" DSP="-1" FF="-1" LUT="-1" fileDirectory="E:\vivadoHLS_project"><\/item>
<item  id="119" filename="montg_mul/montg_mul.cpp" linenumber="37" name="p_Result_1" contextFuncName="montgo" moduleName="montgo" rtlName="p_Result_1_reg_971" latency="0" BRAM="-1" DSP="-1" FF="-1" LUT="-1" fileDirectory="E:\vivadoHLS_project"><\/item>
<item  id="120" filename="montg_mul/montg_mul.cpp" linenumber="38" name="tmp_4" contextFuncName="montgo" moduleName="montgo" rtlName="tmp_4_fu_625_p2" latency="0" BRAM="-1" DSP="-1" FF="0" LUT="179" fileDirectory="E:\vivadoHLS_project"><\/item>
<item  id="121" filename="montg_mul/montg_mul.cpp" linenumber="40" name="result_mont_V_1" contextFuncName="montgo" moduleName="montgo" rtlName="montgo_add_2049s_fYi_U7" latency="1" BRAM="-1" DSP="-1" FF="-1" LUT="-1" fileDirectory="E:\vivadoHLS_project"><\/item>
<item  id="122" filename="montg_mul/montg_mul.cpp" linenumber="38" name="result_mont_V" contextFuncName="montgo" moduleName="montgo" rtlName="result_mont_V_fu_630_p3" latency="0" BRAM="-1" DSP="-1" FF="0" LUT="2049" fileDirectory="E:\vivadoHLS_project"><\/item>
<item  id="128" filename="montg_mul/montg_mul.cpp" linenumber="48" name="exitcond" contextFuncName="montgo" moduleName="montgo" rtlName="exitcond_fu_635_p2" latency="0" BRAM="-1" DSP="-1" FF="0" LUT="11" fileDirectory="E:\vivadoHLS_project"><\/item>
<item  id="130" filename="montg_mul/montg_mul.cpp" linenumber="48" name="i_1" contextFuncName="montgo" moduleName="montgo" rtlName="i_1_fu_641_p2" latency="0" BRAM="-1" DSP="-1" FF="0" LUT="15" fileDirectory="E:\vivadoHLS_project"><\/item>
<item  id="133" filename="montg_mul/montg_mul.cpp" linenumber="48" name="tmp_49" contextFuncName="montgo" moduleName="montgo" rtlName="tmp_49_fu_647_p1" latency="0" BRAM="-1" DSP="-1" FF="-1" LUT="-1" fileDirectory="E:\vivadoHLS_project"><\/item>
<item  id="134" filename="montg_mul/montg_mul.cpp" linenumber="52" name="Lo_assign_1" contextFuncName="montgo" moduleName="montgo" rtlName="Lo_assign_1_fu_651_p3" latency="0" BRAM="-1" DSP="-1" FF="-1" LUT="-1" fileDirectory="E:\vivadoHLS_project"><\/item>
<item  id="135" filename="montg_mul/montg_mul.cpp" linenumber="52" name="Hi_assign_2" contextFuncName="montgo" moduleName="montgo" rtlName="Hi_assign_2_fu_659_p2" latency="0" BRAM="-1" DSP="-1" FF="0" LUT="11" fileDirectory="E:\vivadoHLS_project"><\/item>
<item  id="136" filename="montg_mul/montg_mul.cpp" linenumber="52" name="tmp_50" contextFuncName="montgo" moduleName="montgo" rtlName="tmp_50_fu_665_p2" latency="0" BRAM="-1" DSP="-1" FF="0" LUT="13" fileDirectory="E:\vivadoHLS_project"><\/item>
<item  id="137" filename="montg_mul/montg_mul.cpp" linenumber="52" name="tmp_51" contextFuncName="montgo" moduleName="montgo" rtlName="tmp_51_fu_671_p1" latency="0" BRAM="-1" DSP="-1" FF="-1" LUT="-1" fileDirectory="E:\vivadoHLS_project"><\/item>
<item  id="138" filename="montg_mul/montg_mul.cpp" linenumber="52" name="tmp_52" contextFuncName="montgo" moduleName="montgo" rtlName="tmp_52_fu_674_p1" latency="0" BRAM="-1" DSP="-1" FF="-1" LUT="-1" fileDirectory="E:\vivadoHLS_project"><\/item>
<item  id="139" filename="montg_mul/montg_mul.cpp" linenumber="52" name="tmp_53" contextFuncName="montgo" moduleName="montgo" rtlName="tmp_53_fu_677_p4" latency="0" BRAM="-1" DSP="-1" FF="-1" LUT="-1" fileDirectory="E:\vivadoHLS_project"><\/item>
<item  id="140" filename="montg_mul/montg_mul.cpp" linenumber="52" name="tmp_54" contextFuncName="montgo" moduleName="montgo" rtlName="tmp_54_fu_686_p2" latency="0" BRAM="-1" DSP="-1" FF="0" LUT="12" fileDirectory="E:\vivadoHLS_project"><\/item>
<item  id="141" filename="montg_mul/montg_mul.cpp" linenumber="52" name="tmp_55" contextFuncName="montgo" moduleName="montgo" rtlName="tmp_55_fu_692_p2" latency="0" BRAM="-1" DSP="-1" FF="0" LUT="12" fileDirectory="E:\vivadoHLS_project"><\/item>
<item  id="142" filename="montg_mul/montg_mul.cpp" linenumber="52" name="tmp_56" contextFuncName="montgo" moduleName="montgo" rtlName="tmp_56_fu_698_p2" latency="0" BRAM="-1" DSP="-1" FF="0" LUT="12" fileDirectory="E:\vivadoHLS_project"><\/item>
<item  id="143" filename="montg_mul/montg_mul.cpp" linenumber="52" name="tmp_57" contextFuncName="montgo" moduleName="montgo" rtlName="tmp_57_fu_704_p3" latency="0" BRAM="-1" DSP="-1" FF="0" LUT="12" fileDirectory="E:\vivadoHLS_project"><\/item>
<item  id="144" filename="montg_mul/montg_mul.cpp" linenumber="52" name="tmp_58" contextFuncName="montgo" moduleName="montgo" rtlName="tmp_58_fu_711_p3" latency="0" BRAM="-1" DSP="-1" FF="0" LUT="2050" fileDirectory="E:\vivadoHLS_project"><\/item>
<item  id="145" filename="montg_mul/montg_mul.cpp" linenumber="52" name="tmp_59" contextFuncName="montgo" moduleName="montgo" rtlName="tmp_59_fu_717_p3" latency="0" BRAM="-1" DSP="-1" FF="0" LUT="12" fileDirectory="E:\vivadoHLS_project"><\/item>
<item  id="146" filename="montg_mul/montg_mul.cpp" linenumber="52" name="tmp_60" contextFuncName="montgo" moduleName="montgo" rtlName="tmp_60_fu_724_p2" latency="0" BRAM="-1" DSP="-1" FF="0" LUT="12" fileDirectory="E:\vivadoHLS_project"><\/item>
<item  id="147" filename="montg_mul/montg_mul.cpp" linenumber="52" name="tmp_61" contextFuncName="montgo" moduleName="montgo" rtlName="grp_fu_733_p1" latency="0" BRAM="-1" DSP="-1" FF="-1" LUT="-1" fileDirectory="E:\vivadoHLS_project"><\/item>
<item  id="148" filename="montg_mul/montg_mul.cpp" linenumber="52" name="tmp_62" contextFuncName="montgo" moduleName="montgo" rtlName="grp_fu_741_p1" latency="0" BRAM="-1" DSP="-1" FF="-1" LUT="-1" fileDirectory="E:\vivadoHLS_project"><\/item>
<item  id="149" filename="montg_mul/montg_mul.cpp" linenumber="52" name="tmp_63" contextFuncName="montgo" moduleName="montgo" rtlName="montgo_lshr_2050ng8j_U8" latency="6" BRAM="-1" DSP="-1" FF="-1" LUT="-1" fileDirectory="E:\vivadoHLS_project"><\/item>
<item  id="150" filename="montg_mul/montg_mul.cpp" linenumber="52" name="tmp_64" contextFuncName="montgo" moduleName="montgo" rtlName="montgo_lshr_2050shbi_U9" latency="1" BRAM="-1" DSP="-1" FF="-1" LUT="-1" fileDirectory="E:\vivadoHLS_project"><\/item>
<item  id="151" filename="montg_mul/montg_mul.cpp" linenumber="52" name="p_Result_7" contextFuncName="montgo" moduleName="montgo" rtlName="p_Result_7_fu_747_p2" latency="0" BRAM="-1" DSP="-1" FF="0" LUT="2050" fileDirectory="E:\vivadoHLS_project"><\/item>
<item  id="152" filename="montg_mul/montg_mul.cpp" linenumber="52" name="tmp_66" contextFuncName="montgo" moduleName="montgo" rtlName="tmp_66_fu_751_p1" latency="0" BRAM="-1" DSP="-1" FF="-1" LUT="-1" fileDirectory="E:\vivadoHLS_project"><\/item>
<\/annotationInfo>
</annotationInfo>
