<?xml version="1.0" encoding="utf-8"?>
<Messages>
	<Message severity="INFO" prefix="[HLS 200-10]" key="HLS_10_1312" tag="" content="Analyzing design file &apos;montg_mul/montg_mul.cpp&apos; ..."/>
	<Message severity="INFO" prefix="[HLS 200-111]" key="HLS_111_965" tag="" content="Finished Linking Time (s): cpu = 00:00:09 ; elapsed = 00:00:22 . Memory (MB): peak = 139.699 ; gain = 54.891"/>
	<Message severity="INFO" prefix="[HLS 200-111]" key="HLS_111_965" tag="" content="Finished Checking Pragmas Time (s): cpu = 00:00:09 ; elapsed = 00:00:22 . Memory (MB): peak = 139.699 ; gain = 54.891"/>
	<Message severity="INFO" prefix="[HLS 200-10]" key="HLS_10_1467" tag="" content="Starting code transformations ..."/>
	<Message severity="INFO" prefix="[HLS 200-111]" key="HLS_111_965" tag="" content="Finished Standard Transforms Time (s): cpu = 00:00:09 ; elapsed = 00:00:22 . Memory (MB): peak = 141.789 ; gain = 56.980"/>
	<Message severity="INFO" prefix="[HLS 200-10]" key="HLS_10_1472" tag="" content="Checking synthesizability ..."/>
	<Message severity="WARNING" prefix="[SYNCHK 200-23]" key="SYNCHK_VAR_INDEX_RANGE_359" tag="" content="montg_mul/montg_mul.cpp:26: variable-indexed range selection may cause suboptimal QoR."/>
	<Message severity="INFO" prefix="[SYNCHK 200-10]" key="SYNCHK_SYNCHK_SUMMARY_377" tag="" content="0 error(s), 1 warning(s)."/>
	<Message severity="INFO" prefix="[HLS 200-111]" key="HLS_111_965" tag="" content="Finished Checking Synthesizability Time (s): cpu = 00:00:09 ; elapsed = 00:00:23 . Memory (MB): peak = 150.176 ; gain = 65.367"/>
	<Message severity="WARNING" prefix="[XFORM 203-1103]" key="XFORM_DATA_PACK_INVALID_346" tag="" content="Ignored data pack directive on non-struct variable &apos;OUTPUT_ARR.data.V&apos; (montg_mul/montg_mul.cpp:10)."/>
	<Message severity="WARNING" prefix="[XFORM 203-1103]" key="XFORM_DATA_PACK_INVALID_346" tag="" content="Ignored data pack directive on non-struct variable &apos;INPUT_ARR.data.V&apos; (montg_mul/montg_mul.cpp:10)."/>
	<Message severity="INFO" prefix="[HLS 200-111]" key="HLS_111_965" tag="" content="Finished Pre-synthesis Time (s): cpu = 00:00:09 ; elapsed = 00:00:23 . Memory (MB): peak = 180.230 ; gain = 95.422"/>
	<Message severity="INFO" prefix="[HLS 200-111]" key="HLS_111_965" tag="" content="Finished Architecture Synthesis Time (s): cpu = 00:00:09 ; elapsed = 00:00:23 . Memory (MB): peak = 182.637 ; gain = 97.828"/>
	<Message severity="INFO" prefix="[HLS 200-10]" key="HLS_10_1317" tag="" content="Starting hardware synthesis ..."/>
	<Message severity="INFO" prefix="[HLS 200-10]" key="HLS_10_1385" tag="" content="Synthesizing &apos;montgo&apos; ..."/>
	<Message severity="INFO" prefix="[HLS 200-10]" key="HLS_10_1477" tag="" content="----------------------------------------------------------------"/>
	<Message severity="INFO" prefix="[HLS 200-42]" key="HLS_42_1438" tag="" content="-- Implementing module &apos;montgo&apos;"/>
	<Message severity="INFO" prefix="[HLS 200-10]" key="HLS_10_1478" tag="" content="----------------------------------------------------------------"/>
	<Message severity="INFO" prefix="[SCHED 204-11]" key="SCHED_SCHED_STATUS_597" tag="" content="Starting scheduling ..."/>
	<Message severity="WARNING" prefix="[SCHED 204-21]" key="SCHED_DELAY_EXCEEDED_76" tag="SDX_KERNEL,SCHEDULE" content="Estimated clock period (3.903ns) exceeds the target (target clock period: 4ns, clock uncertainty: 0.5ns, effective delay budget: 3.5ns)."/>
	<Message severity="WARNING" prefix="[SCHED 204-21]" key="SCHED_DELAY_EXCEEDED_74" tag="SDX_KERNEL,SCHEDULE" content="The critical path in module &apos;montgo&apos; consists of the following:
	&apos;icmp&apos; operation (&apos;tmp_4&apos;, montg_mul/montg_mul.cpp:42) [120]  (3.9 ns)"/>
	<Message severity="INFO" prefix="[SCHED 204-11]" key="SCHED_SCHED_STATUS_596" tag="" content="Finished scheduling."/>
	<Message severity="INFO" prefix="[HLS 200-111]" key="HLS_111_966" tag="" content=" Elapsed time: 23.249 seconds; current allocated memory: 130.786 MB."/>
	<Message severity="INFO" prefix="[HLS 200-434]" key="HLS 200-434" tag="SDX" content="Only 0 loops out of a total 3 loops have been pipelined in this design."/>
	<Message severity="INFO" prefix="[BIND 205-100]" key="BIND_100_926" tag="" content="Starting micro-architecture generation ..."/>
	<Message severity="INFO" prefix="[BIND 205-101]" key="BIND_101_698" tag="" content="Performing variable lifetime analysis."/>
	<Message severity="INFO" prefix="[BIND 205-101]" key="BIND_101_697" tag="" content="Exploring resource sharing."/>
	<Message severity="INFO" prefix="[BIND 205-101]" key="BIND_101_693" tag="" content="Binding ..."/>
	<Message severity="INFO" prefix="[BIND 205-100]" key="BIND_100_925" tag="" content="Finished micro-architecture generation."/>
	<Message severity="INFO" prefix="[HLS 200-111]" key="HLS_111_966" tag="" content=" Elapsed time: 0.171 seconds; current allocated memory: 131.294 MB."/>
	<Message severity="INFO" prefix="[HLS 200-10]" key="HLS_10_1483" tag="" content="----------------------------------------------------------------"/>
	<Message severity="INFO" prefix="[HLS 200-10]" key="HLS_10_1484" tag="" content="-- Generating RTL for module &apos;montgo&apos;"/>
	<Message severity="INFO" prefix="[HLS 200-10]" key="HLS_10_1485" tag="" content="----------------------------------------------------------------"/>
	<Message severity="INFO" prefix="[RTGEN 206-500]" key="PREPROC_IO_COMP_CONFLICT_1950" tag="" content="Setting interface mode on port &apos;montgo/INPUT_ARR_data_V&apos; to &apos;axis&apos;."/>
	<Message severity="INFO" prefix="[RTGEN 206-500]" key="PREPROC_IO_COMP_CONFLICT_1950" tag="" content="Setting interface mode on port &apos;montgo/INPUT_ARR_keep_V&apos; to &apos;axis&apos;."/>
	<Message severity="INFO" prefix="[RTGEN 206-500]" key="PREPROC_IO_COMP_CONFLICT_1950" tag="" content="Setting interface mode on port &apos;montgo/INPUT_ARR_strb_V&apos; to &apos;axis&apos;."/>
	<Message severity="INFO" prefix="[RTGEN 206-500]" key="PREPROC_IO_COMP_CONFLICT_1950" tag="" content="Setting interface mode on port &apos;montgo/INPUT_ARR_user_V&apos; to &apos;axis&apos;."/>
	<Message severity="INFO" prefix="[RTGEN 206-500]" key="PREPROC_IO_COMP_CONFLICT_1950" tag="" content="Setting interface mode on port &apos;montgo/INPUT_ARR_last_V&apos; to &apos;axis&apos;."/>
	<Message severity="INFO" prefix="[RTGEN 206-500]" key="PREPROC_IO_COMP_CONFLICT_1950" tag="" content="Setting interface mode on port &apos;montgo/INPUT_ARR_id_V&apos; to &apos;axis&apos;."/>
	<Message severity="INFO" prefix="[RTGEN 206-500]" key="PREPROC_IO_COMP_CONFLICT_1950" tag="" content="Setting interface mode on port &apos;montgo/INPUT_ARR_dest_V&apos; to &apos;axis&apos;."/>
	<Message severity="INFO" prefix="[RTGEN 206-500]" key="PREPROC_IO_COMP_CONFLICT_1950" tag="" content="Setting interface mode on port &apos;montgo/OUTPUT_ARR_data_V&apos; to &apos;axis&apos;."/>
	<Message severity="INFO" prefix="[RTGEN 206-500]" key="PREPROC_IO_COMP_CONFLICT_1950" tag="" content="Setting interface mode on port &apos;montgo/OUTPUT_ARR_keep_V&apos; to &apos;axis&apos;."/>
	<Message severity="INFO" prefix="[RTGEN 206-500]" key="PREPROC_IO_COMP_CONFLICT_1950" tag="" content="Setting interface mode on port &apos;montgo/OUTPUT_ARR_strb_V&apos; to &apos;axis&apos;."/>
	<Message severity="INFO" prefix="[RTGEN 206-500]" key="PREPROC_IO_COMP_CONFLICT_1950" tag="" content="Setting interface mode on port &apos;montgo/OUTPUT_ARR_user_V&apos; to &apos;axis&apos;."/>
	<Message severity="INFO" prefix="[RTGEN 206-500]" key="PREPROC_IO_COMP_CONFLICT_1950" tag="" content="Setting interface mode on port &apos;montgo/OUTPUT_ARR_last_V&apos; to &apos;axis&apos;."/>
	<Message severity="INFO" prefix="[RTGEN 206-500]" key="PREPROC_IO_COMP_CONFLICT_1950" tag="" content="Setting interface mode on port &apos;montgo/OUTPUT_ARR_id_V&apos; to &apos;axis&apos;."/>
	<Message severity="INFO" prefix="[RTGEN 206-500]" key="PREPROC_IO_COMP_CONFLICT_1950" tag="" content="Setting interface mode on port &apos;montgo/OUTPUT_ARR_dest_V&apos; to &apos;axis&apos;."/>
	<Message severity="INFO" prefix="[RTGEN 206-500]" key="PREPROC_IO_COMP_CONFLICT_1950" tag="" content="Setting interface mode on function &apos;montgo&apos; to &apos;s_axilite &amp; ap_ctrl_hs&apos;."/>
	<Message severity="INFO" prefix="[RTGEN 206-100]" key="RTGEN_100_851" tag="" content="Bundling port &apos;return&apos; to AXI-Lite port AXILiteS."/>
	<Message severity="INFO" prefix="[SYN 201-210]" key="SYN_210_889" tag="" content="Renamed object name &apos;montgo_lshr_2048s_12ns_2048_2_1&apos; to &apos;montgo_lshr_2048sbkb&apos; due to the length limit 20"/>
	<Message severity="INFO" prefix="[SYN 201-210]" key="SYN_210_889" tag="" content="Renamed object name &apos;montgo_shl_2048ns_12ns_2048_2_1&apos; to &apos;montgo_shl_2048nscud&apos; due to the length limit 20"/>
	<Message severity="INFO" prefix="[SYN 201-210]" key="SYN_210_889" tag="" content="Renamed object name &apos;montgo_add_2049ns_2049ns_2049_2_1&apos; to &apos;montgo_add_2049nsdEe&apos; due to the length limit 20"/>
	<Message severity="INFO" prefix="[SYN 201-210]" key="SYN_210_889" tag="" content="Renamed object name &apos;montgo_add_2050ns_2050ns_2050_2_1&apos; to &apos;montgo_add_2050nseOg&apos; due to the length limit 20"/>
	<Message severity="INFO" prefix="[SYN 201-210]" key="SYN_210_889" tag="" content="Renamed object name &apos;montgo_add_2049s_2049ns_2049_2_1&apos; to &apos;montgo_add_2049s_fYi&apos; due to the length limit 20"/>
	<Message severity="INFO" prefix="[SYN 201-210]" key="SYN_210_889" tag="" content="Renamed object name &apos;montgo_lshr_2050ns_12ns_2050_7_1&apos; to &apos;montgo_lshr_2050ng8j&apos; due to the length limit 20"/>
	<Message severity="INFO" prefix="[SYN 201-210]" key="SYN_210_889" tag="" content="Renamed object name &apos;montgo_lshr_2050s_12ns_2050_2_1&apos; to &apos;montgo_lshr_2050shbi&apos; due to the length limit 20"/>
	<Message severity="INFO" prefix="[RTGEN 206-104]" key="RTGEN_104_852" tag="" content="Estimated max fanout for &apos;montgo&apos; is 8192, found 2 HDL expressions with this fanout: (1&apos;b1 == ap_CS_fsm_state4), (1&apos;b1 == ap_CS_fsm_state5)"/>
	<Message severity="INFO" prefix="[RTGEN 206-100]" key="RTGEN_100_855" tag="" content="Generating core module &apos;montgo_add_2049nsdEe&apos;: 1 instance(s)."/>
	<Message severity="INFO" prefix="[RTGEN 206-100]" key="RTGEN_100_855" tag="" content="Generating core module &apos;montgo_add_2049s_fYi&apos;: 1 instance(s)."/>
	<Message severity="INFO" prefix="[RTGEN 206-100]" key="RTGEN_100_855" tag="" content="Generating core module &apos;montgo_add_2050nseOg&apos;: 1 instance(s)."/>
	<Message severity="INFO" prefix="[RTGEN 206-100]" key="RTGEN_100_855" tag="" content="Generating core module &apos;montgo_lshr_2048sbkb&apos;: 2 instance(s)."/>
	<Message severity="INFO" prefix="[RTGEN 206-100]" key="RTGEN_100_855" tag="" content="Generating core module &apos;montgo_lshr_2050ng8j&apos;: 1 instance(s)."/>
	<Message severity="INFO" prefix="[RTGEN 206-100]" key="RTGEN_100_855" tag="" content="Generating core module &apos;montgo_lshr_2050shbi&apos;: 1 instance(s)."/>
	<Message severity="INFO" prefix="[RTGEN 206-100]" key="RTGEN_100_855" tag="" content="Generating core module &apos;montgo_shl_2048nscud&apos;: 2 instance(s)."/>
	<Message severity="INFO" prefix="[RTGEN 206-100]" key="RTGEN_100_856" tag="" content="Finished creating RTL model for &apos;montgo&apos;."/>
	<Message severity="INFO" prefix="[HLS 200-111]" key="HLS_111_966" tag="" content=" Elapsed time: 0.727 seconds; current allocated memory: 132.532 MB."/>
	<Message severity="INFO" prefix="[RTMG 210-286]" key="RTMG_286_1800" tag="" content="Generating pipelined shifter : &apos;montgo_lshr_2048sbkb&apos;"/>
	<Message severity="INFO" prefix="[RTMG 210-286]" key="RTMG_286_1800" tag="" content="Generating pipelined shifter : &apos;montgo_shl_2048nscud&apos;"/>
	<Message severity="INFO" prefix="[RTMG 210-283]" key="RTMG_283_1797" tag="" content="Generating pipelined adder/subtractor : &apos;montgo_add_2049nsdEe_AddSubnS_0&apos;"/>
	<Message severity="INFO" prefix="[RTMG 210-283]" key="RTMG_283_1797" tag="" content="Generating pipelined adder/subtractor : &apos;montgo_add_2050nseOg_AddSubnS_1&apos;"/>
	<Message severity="INFO" prefix="[RTMG 210-283]" key="RTMG_283_1797" tag="" content="Generating pipelined adder/subtractor : &apos;montgo_add_2049s_fYi_AddSubnS_2&apos;"/>
	<Message severity="INFO" prefix="[RTMG 210-286]" key="RTMG_286_1800" tag="" content="Generating pipelined shifter : &apos;montgo_lshr_2050ng8j&apos;"/>
	<Message severity="INFO" prefix="[RTMG 210-286]" key="RTMG_286_1800" tag="" content="Generating pipelined shifter : &apos;montgo_lshr_2050shbi&apos;"/>
	<Message severity="INFO" prefix="[HLS 200-111]" key="HLS_111_965" tag="" content="Finished generating all RTL models Time (s): cpu = 00:00:11 ; elapsed = 00:00:26 . Memory (MB): peak = 183.387 ; gain = 98.578"/>
	<Message severity="INFO" prefix="[SYSC 207-301]" key="SYSC_301_1065" tag="" content="Generating SystemC RTL for montgo."/>
	<Message severity="INFO" prefix="[VHDL 208-304]" key="VHDL_304_1066" tag="" content="Generating VHDL RTL for montgo."/>
	<Message severity="INFO" prefix="[VLOG 209-307]" key="VLOG_307_1067" tag="" content="Generating Verilog RTL for montgo."/>
	<Message severity="INFO" prefix="[HLS 200-112]" key="HLS_112_964" tag="" content="Total elapsed time: 26.198 seconds; peak allocated memory: 132.532 MB."/>
</Messages>
