<profile>

<section name = "Vivado HLS Report for 'montgo'" level="0">
<item name = "Date">Fri Jul 31 15:52:13 2020
</item>
<item name = "Version">2018.3 (Build 2405991 on Thu Dec 06 23:56:15 MST 2018)</item>
<item name = "Project">montg_mul</item>
<item name = "Solution">solution1</item>
<item name = "Product family">zynq</item>
<item name = "Target device">xc7z020clg400-1</item>
</section>

<section name = "Performance Estimates" level="0">
<item name = "Timing (ns)">
<section name = "" level="1">
<item name = "Summary"><table name="" hasTotal="0">
<keys size="4">Clock, Target, Estimated, Uncertainty</keys>
<column name="ap_clk">4.00, 3.903, 0.50</column>
</table>
</item>
</section>
</item>
<item name = "Latency (clock cycles)">
<section name = "" level="1">
<item name = "Summary"><table name="" hasTotal="0">
<keys size="6">, min, max, min, max, Type</keys>
<column name="">17667, 17667, 17667, 17667, none</column>
</table>
</item>
<item name = "Detail">
<section name = "" level="1">
<item name = "Instance"><table name="" hasTotal="0">
<keys size="7">Instance, Module, min, max, min, max, Type</keys>
</table>
</item>
<item name = "Loop"><table name="" hasTotal="0">
<keys size="8">Loop Name, min, max, Latency, achieved, target, Count, Pipelined</keys>
<column name="- Loop 1">640, 640, 5, -, -, 128, no</column>
<column name="- Loop 2">16384, 16384, 8, -, -, 2048, no</column>
<column name="- Loop 3">640, 640, 10, -, -, 64, no</column>
</table>
</item>
</section>
</item>
</section>
</item>
</section>

<section name = "Utilization Estimates" level="0">
<item name = "Summary"><table name="" hasTotal="1">
<keys size="5">Name, BRAM_18K, DSP48E, FF, LUT</keys>
<column name="DSP">-, -, -, -</column>
<column name="Expression">-, -, 0, 39680</column>
<column name="FIFO">-, -, -, -</column>
<column name="Instance">0, -, 6370, 5275</column>
<column name="Memory">-, -, -, -</column>
<column name="Multiplexer">-, -, -, 171</column>
<column name="Register">-, -, 36057, -</column>
<specialColumn name="Available">280, 220, 106400, 53200</specialColumn>
<specialColumn name="Utilization (%)">0, 0, 39, 84</specialColumn>
</table>
</item>
<item name = "Detail">
<section name = "" level="1">
<item name = "Instance"><table name="" hasTotal="1">
<keys size="6">Instance, Module, BRAM_18K, DSP48E, FF, LUT</keys>
<column name="montgo_AXILiteS_s_axi_U">montgo_AXILiteS_s_axi, 0, 0, 36, 40</column>
<column name="montgo_add_2049nsdEe_U5">montgo_add_2049nsdEe, 0, 0, 580, 132</column>
<column name="montgo_add_2049s_fYi_U7">montgo_add_2049s_fYi, 0, 0, 580, 132</column>
<column name="montgo_add_2050nseOg_U6">montgo_add_2050nseOg, 0, 0, 580, 132</column>
<column name="montgo_lshr_2048sbkb_U1">montgo_lshr_2048sbkb, 0, 0, 60, 37</column>
<column name="montgo_lshr_2048sbkb_U2">montgo_lshr_2048sbkb, 0, 0, 60, 37</column>
<column name="montgo_lshr_2050ng8j_U8">montgo_lshr_2050ng8j, 0, 0, 4262, 4630</column>
<column name="montgo_lshr_2050shbi_U9">montgo_lshr_2050shbi, 0, 0, 60, 37</column>
<column name="montgo_shl_2048nscud_U3">montgo_shl_2048nscud, 0, 0, 76, 49</column>
<column name="montgo_shl_2048nscud_U4">montgo_shl_2048nscud, 0, 0, 76, 49</column>
</table>
</item>
<item name = "DSP48"><table name="" hasTotal="0">
<keys size="3">Instance, Module, Expression</keys>
</table>
</item>
<item name = "Memory"><table name="" hasTotal="1">
<keys size="9">Memory, Module, BRAM_18K, FF, LUT, Words, Bits, Banks, W*Bits*Banks</keys>
</table>
</item>
<item name = "FIFO"><table name="" hasTotal="1">
<keys size="7">Name, BRAM_18K, FF, LUT, Depth, Bits, Size:D*B</keys>
</table>
</item>
<item name = "Expression"><table name="" hasTotal="1">
<keys size="7">Variable Name, Operation, DSP48E, FF, LUT, Bitwidth P0, Bitwidth P1</keys>
<column name="i_1_fu_639_p2">+, 0, 0, 15, 7, 1</column>
<column name="i_fu_541_p2">+, 0, 0, 12, 12, 1</column>
<column name="ii_1_fu_245_p2">+, 0, 0, 15, 8, 1</column>
<column name="tmp_54_fu_684_p2">-, 0, 0, 12, 12, 12</column>
<column name="tmp_55_fu_690_p2">-, 0, 0, 12, 12, 12</column>
<column name="tmp_56_fu_696_p2">-, 0, 0, 12, 12, 12</column>
<column name="tmp_60_fu_722_p2">-, 0, 0, 12, 12, 12</column>
<column name="p_2_fu_578_p2">and, 0, 0, 2048, 2048, 2048</column>
<column name="p_Result_7_fu_745_p2">and, 0, 0, 2050, 2050, 2050</column>
<column name="p_demorgan9_fu_448_p2">and, 0, 0, 2048, 2048, 2048</column>
<column name="p_demorgan_fu_428_p2">and, 0, 0, 2048, 2048, 2048</column>
<column name="tmp_22_fu_473_p2">and, 0, 0, 2048, 2048, 2048</column>
<column name="tmp_23_fu_479_p2">and, 0, 0, 2048, 2048, 2048</column>
<column name="tmp_43_fu_510_p2">and, 0, 0, 2048, 2048, 2048</column>
<column name="tmp_44_fu_516_p2">and, 0, 0, 2048, 2048, 2048</column>
<column name="tmp_6_fu_555_p2">and, 0, 0, 2, 1, 1</column>
<column name="exitcond1_fu_239_p2">icmp, 0, 0, 13, 8, 9</column>
<column name="exitcond2_fu_535_p2">icmp, 0, 0, 13, 12, 13</column>
<column name="exitcond_fu_633_p2">icmp, 0, 0, 11, 7, 8</column>
<column name="tmp_26_fu_297_p2">icmp, 0, 0, 13, 11, 11</column>
<column name="tmp_3_fu_269_p2">icmp, 0, 0, 13, 11, 11</column>
<column name="tmp_4_fu_623_p2">icmp, 0, 0, 179, 2049, 2048</column>
<column name="tmp_50_fu_663_p2">icmp, 0, 0, 13, 11, 11</column>
<column name="Hi_assign_2_fu_657_p2">or, 0, 0, 11, 5, 11</column>
<column name="Hi_assign_fu_263_p2">or, 0, 0, 11, 4, 11</column>
<column name="p_Result_5_fu_484_p2">or, 0, 0, 2048, 2048, 2048</column>
<column name="p_Result_6_fu_521_p2">or, 0, 0, 2048, 2048, 2048</column>
<column name="result_mont_V_fu_628_p3">select, 0, 0, 2049, 1, 2049</column>
<column name="tmp_10_fu_413_p3">select, 0, 0, 12, 1, 12</column>
<column name="tmp_11_fu_334_p3">select, 0, 0, 12, 1, 12</column>
<column name="tmp_18_fu_462_p3">select, 0, 0, 2048, 1, 2048</column>
<column name="tmp_30_fu_311_p3">select, 0, 0, 12, 1, 12</column>
<column name="tmp_31_fu_433_p3">select, 0, 0, 12, 1, 12</column>
<column name="tmp_32_fu_354_p3">select, 0, 0, 12, 1, 12</column>
<column name="tmp_39_fu_499_p3">select, 0, 0, 2048, 1, 2048</column>
<column name="tmp_48_fu_570_p3">select, 0, 0, 2, 1, 2</column>
<column name="tmp_57_fu_702_p3">select, 0, 0, 12, 1, 12</column>
<column name="tmp_58_fu_709_p3">select, 0, 0, 2050, 1, 2050</column>
<column name="tmp_59_fu_715_p3">select, 0, 0, 12, 1, 12</column>
<column name="tmp_9_fu_283_p3">select, 0, 0, 12, 1, 12</column>
<column name="tmp_cast_cast_fu_584_p3">select, 0, 0, 2048, 1, 2048</column>
<column name="tmp_19_fu_422_p2">shl, 0, 0, 2171, 2, 2048</column>
<column name="tmp_40_fu_442_p2">shl, 0, 0, 2171, 2, 2048</column>
<column name="tmp_12_fu_291_p2">xor, 0, 0, 12, 12, 11</column>
<column name="tmp_21_fu_468_p2">xor, 0, 0, 2048, 2048, 2</column>
<column name="tmp_29_fu_349_p2">xor, 0, 0, 12, 12, 11</column>
<column name="tmp_33_fu_319_p2">xor, 0, 0, 12, 12, 11</column>
<column name="tmp_42_fu_505_p2">xor, 0, 0, 2048, 2048, 2</column>
<column name="tmp_8_fu_329_p2">xor, 0, 0, 12, 12, 11</column>
<column name="u_V_fu_564_p2">xor, 0, 0, 2, 1, 1</column>
</table>
</item>
<item name = "Multiplexer"><table name="" hasTotal="1">
<keys size="5">Name, LUT, Input Size, Bits, Total Bits</keys>
<column name="Hi_assign_1_reg_217">9, 2, 12, 24</column>
<column name="INPUT_ARR_TDATA_blk_n">9, 2, 1, 2</column>
<column name="OUTPUT_ARR_TDATA_blk_n">9, 2, 1, 2</column>
<column name="ap_NS_fsm">117, 25, 1, 25</column>
<column name="i1_reg_228">9, 2, 7, 14</column>
<column name="ii_reg_195">9, 2, 8, 16</column>
<column name="p_Val2_3_reg_206">9, 2, 2049, 4098</column>
</table>
</item>
<item name = "Register"><table name="" hasTotal="1">
<keys size="5">Name, FF, LUT, Bits, Const Bits</keys>
<column name="Hi_assign_1_reg_217">12, 0, 12, 0</column>
<column name="Hi_assign_2_reg_1004">6, 0, 11, 5</column>
<column name="Lo_assign_1_reg_999">6, 0, 11, 5</column>
<column name="ap_CS_fsm">24, 0, 24, 0</column>
<column name="i1_reg_228">7, 0, 7, 0</column>
<column name="i_1_reg_994">7, 0, 7, 0</column>
<column name="i_reg_939">12, 0, 12, 0</column>
<column name="ii_1_reg_787">8, 0, 8, 0</column>
<column name="ii_reg_195">8, 0, 8, 0</column>
<column name="p_2_reg_944">2048, 0, 2048, 0</column>
<column name="p_Result_1_reg_969">2049, 0, 2049, 0</column>
<column name="p_Val2_2_reg_171">2048, 0, 2048, 0</column>
<column name="p_Val2_3_cast_reg_929">2049, 0, 2050, 1</column>
<column name="p_Val2_3_reg_206">2049, 0, 2049, 0</column>
<column name="p_Val2_s_reg_183">2048, 0, 2048, 0</column>
<column name="p_demorgan9_reg_913">2048, 0, 2048, 0</column>
<column name="p_demorgan_reg_901">2048, 0, 2048, 0</column>
<column name="result_mont_V_1_reg_981">2049, 0, 2049, 0</column>
<column name="tmp_11_reg_845">12, 0, 12, 0</column>
<column name="tmp_12_reg_811">12, 0, 12, 0</column>
<column name="tmp_16_reg_895">2048, 0, 2048, 0</column>
<column name="tmp_20_reg_875">2048, 0, 2048, 0</column>
<column name="tmp_26_reg_816">1, 0, 1, 0</column>
<column name="tmp_27_reg_823">7, 0, 12, 5</column>
<column name="tmp_28_reg_830">7, 0, 12, 5</column>
<column name="tmp_32_reg_855">12, 0, 12, 0</column>
<column name="tmp_33_reg_835">12, 0, 12, 0</column>
<column name="tmp_37_reg_907">2048, 0, 2048, 0</column>
<column name="tmp_3_reg_792">1, 0, 1, 0</column>
<column name="tmp_41_reg_890">2048, 0, 2048, 0</column>
<column name="tmp_4_reg_976">1, 0, 1, 0</column>
<column name="tmp_50_reg_1009">1, 0, 1, 0</column>
<column name="tmp_58_reg_1016">2050, 0, 2050, 0</column>
<column name="tmp_59_reg_1021">8, 0, 12, 4</column>
<column name="tmp_5_reg_799">7, 0, 12, 5</column>
<column name="tmp_60_reg_1026">11, 0, 12, 1</column>
<column name="tmp_63_reg_1041">2050, 0, 2050, 0</column>
<column name="tmp_64_reg_1046">2050, 0, 2050, 0</column>
<column name="tmp_7_reg_806">7, 0, 12, 5</column>
<column name="tmp_cast_cast_reg_949">1040, 0, 2049, 1009</column>
<column name="tmp_reg_959">2049, 0, 2049, 0</column>
<column name="x0_V_reg_840">1, 0, 1, 0</column>
</table>
</item>
</section>
</item>
</section>

<section name = "Interface" level="0">
<item name = "Summary"><table name="" hasTotal="0">
<keys size="6">RTL Ports, Dir, Bits, Protocol, Source Object, C Type</keys>
<column name="s_axi_AXILiteS_AWVALID">in, 1, s_axi, AXILiteS, return void</column>
<column name="s_axi_AXILiteS_AWREADY">out, 1, s_axi, AXILiteS, return void</column>
<column name="s_axi_AXILiteS_AWADDR">in, 4, s_axi, AXILiteS, return void</column>
<column name="s_axi_AXILiteS_WVALID">in, 1, s_axi, AXILiteS, return void</column>
<column name="s_axi_AXILiteS_WREADY">out, 1, s_axi, AXILiteS, return void</column>
<column name="s_axi_AXILiteS_WDATA">in, 32, s_axi, AXILiteS, return void</column>
<column name="s_axi_AXILiteS_WSTRB">in, 4, s_axi, AXILiteS, return void</column>
<column name="s_axi_AXILiteS_ARVALID">in, 1, s_axi, AXILiteS, return void</column>
<column name="s_axi_AXILiteS_ARREADY">out, 1, s_axi, AXILiteS, return void</column>
<column name="s_axi_AXILiteS_ARADDR">in, 4, s_axi, AXILiteS, return void</column>
<column name="s_axi_AXILiteS_RVALID">out, 1, s_axi, AXILiteS, return void</column>
<column name="s_axi_AXILiteS_RREADY">in, 1, s_axi, AXILiteS, return void</column>
<column name="s_axi_AXILiteS_RDATA">out, 32, s_axi, AXILiteS, return void</column>
<column name="s_axi_AXILiteS_RRESP">out, 2, s_axi, AXILiteS, return void</column>
<column name="s_axi_AXILiteS_BVALID">out, 1, s_axi, AXILiteS, return void</column>
<column name="s_axi_AXILiteS_BREADY">in, 1, s_axi, AXILiteS, return void</column>
<column name="s_axi_AXILiteS_BRESP">out, 2, s_axi, AXILiteS, return void</column>
<column name="ap_clk">in, 1, ap_ctrl_hs, montgo, return value</column>
<column name="ap_rst_n">in, 1, ap_ctrl_hs, montgo, return value</column>
<column name="interrupt">out, 1, ap_ctrl_hs, montgo, return value</column>
<column name="INPUT_ARR_TDATA">in, 32, axis, INPUT_ARR_data_V, pointer</column>
<column name="INPUT_ARR_TVALID">in, 1, axis, INPUT_ARR_data_V, pointer</column>
<column name="INPUT_ARR_TREADY">out, 1, axis, INPUT_ARR_dest_V, pointer</column>
<column name="INPUT_ARR_TDEST">in, 1, axis, INPUT_ARR_dest_V, pointer</column>
<column name="INPUT_ARR_TKEEP">in, 4, axis, INPUT_ARR_keep_V, pointer</column>
<column name="INPUT_ARR_TSTRB">in, 4, axis, INPUT_ARR_strb_V, pointer</column>
<column name="INPUT_ARR_TUSER">in, 1, axis, INPUT_ARR_user_V, pointer</column>
<column name="INPUT_ARR_TLAST">in, 1, axis, INPUT_ARR_last_V, pointer</column>
<column name="INPUT_ARR_TID">in, 1, axis, INPUT_ARR_id_V, pointer</column>
<column name="OUTPUT_ARR_TDATA">out, 32, axis, OUTPUT_ARR_data_V, pointer</column>
<column name="OUTPUT_ARR_TREADY">in, 1, axis, OUTPUT_ARR_data_V, pointer</column>
<column name="OUTPUT_ARR_TVALID">out, 1, axis, OUTPUT_ARR_dest_V, pointer</column>
<column name="OUTPUT_ARR_TDEST">out, 1, axis, OUTPUT_ARR_dest_V, pointer</column>
<column name="OUTPUT_ARR_TKEEP">out, 4, axis, OUTPUT_ARR_keep_V, pointer</column>
<column name="OUTPUT_ARR_TSTRB">out, 4, axis, OUTPUT_ARR_strb_V, pointer</column>
<column name="OUTPUT_ARR_TUSER">out, 1, axis, OUTPUT_ARR_user_V, pointer</column>
<column name="OUTPUT_ARR_TLAST">out, 1, axis, OUTPUT_ARR_last_V, pointer</column>
<column name="OUTPUT_ARR_TID">out, 1, axis, OUTPUT_ARR_id_V, pointer</column>
</table>
</item>
</section>
</profile>
